{"train_loss": 0.20600999891757965, "epoch": 0, "trainer/global_step": 49, "_timestamp": 1720358118.202323, "_runtime": 168.12512302398682, "_step": 0, "_wandb": {"runtime": 168}}